# Rufana client pack, снят 2026-08-14 с «Fabric 1.21.11»
# модов: 72 (+instantlore своим каналом)
# file	modid	version	sha512	url
[optional] CustomPlayerModels-Fabric-1.21.11-0.6.27a.jar	cpm	0.6.27a	94ae4187f0b700d8407d32374208ccc53ee0b5e06151a048eca2ed10e7dcb2b9536d6b5b8ae988121972c78d8030e8343f42dfa234d6387a4e49a48afa84bd0e	https://cdn.modrinth.com/data/h1E7sQNL/versions/uHdKq7aj/CustomPlayerModels-Fabric-1.21.11-0.6.27a.jar
[optional] emotecraft-fabric-for-MC1.21.11-3.2.0-b.build.159.jar	emotecraft	3.2.0-b.build.159	d403a5049ab159e989bcced2727ba6fec498c982d2dc43e0b72e2660cdf35192f393f079869446a117f2aff3ddbbe22169657b5dc90b48fc8658517f0bfe3f42	https://cdn.modrinth.com/data/pZ2wrerK/versions/11btIGaG/emotecraft-fabric-for-MC1.21.11-3.2.0-b.build.159.jar
[optional] fancytoasts-fabric-1.21.11-1.4.6.jar	fancytoasts	1.4.6	47140cefe0d0661d2331df095c894eff27aab62a2c094cfed61917013085db0234e9217e4766b8a335cd686a64e5fd101d9d797063de091dbe9ea9fd9cdbfe19	https://cdn.modrinth.com/data/eUziWqPC/versions/YDkjrU9p/fancytoasts-fabric-1.21.11-1.4.6.jar
[optional] PlayerAnimationLibFabric-1.1.8+mc.1.21.11.jar	player_animation_library	1.1.8+mc.1.21.11	564cc2e86fda4c8113df55020f58b7599cf8ccbca99c9a3c02285a8412096f30550027f8f0d5fb6c1a9767b51d90c37fc7568f7cbde1bb981ff2c693f15b4e1d	https://cdn.modrinth.com/data/ha1mEyJS/versions/uL8CC7Hc/PlayerAnimationLibFabric-1.1.8%2Bmc.1.21.11.jar
animatica-0.6.1+1.21.5.jar	animatica	0.6.1+1.21.5	2e4de7ac455996d3fc79cec1645018f698b9bd184db3e990cb774ae9eaf0208f75605cae09f93ead9aa22fbe324c07b73348468af29b97757c205f99e91bc7d0	https://cdn.modrinth.com/data/PRN43VSY/versions/CVlwSVpU/animatica-0.6.1%2B1.21.5.jar
architectury-19.0.1-fabric.jar	architectury	19.0.1	7ca532844a0ed3d35e8515e13d1e84f8eadfceaae93281b79ad6b4dac253f4634e3dfcc7592f9543871dec117e1a3092c196ba5eae33735162de223be19dc4ad	https://cdn.modrinth.com/data/lhGA9TYQ/versions/uNdfrcQ8/architectury-19.0.1-fabric.jar
audioplayer-fabric-2.3.0+1.21.11(1).jar	audioplayer	2.3.0+1.21.11	461ab83e854b9b375b2da7fdf901a2256b364816f0d778b8fb30beb611d625eb47b7bb712829080ca9844dab9030c8a6599f0e17589472465fad974121e45ef9	https://cdn.modrinth.com/data/SRlzjEBS/versions/42vONW2u/audioplayer-fabric-2.3.0%2B1.21.11.jar
balm-fabric-1.21.11-21.11.8.jar	balm	21.11.8	3d9af084e684e18152ea557cb8da92165f05d9ca7b9ee1c87db46a271681b7a1c0f23eab116cabe2734f1f445a75945168978d588f16ca785efe34e74216d826	https://cdn.modrinth.com/data/MBAkmtvl/versions/IYfoTfMp/balm-fabric-1.21.11-21.11.8.jar
bbe-fabric-1.3.4+mc1.21.11.jar	betterblockentities	1.3.4+mc1.21.11	1c8a513af8d9694cf9c41765cb8359aa3680ba9a1b8806d99c472ae325597db2c493a0389e602e3cf07b33c938b35012192504d5775c9cd3f308ab8c16376280	https://cdn.modrinth.com/data/ONZm0H7Y/versions/VTUyYQyY/bbe-fabric-1.3.4%2Bmc1.21.11.jar
BetterGrassify-1.8.6+fabric.1.21.11.jar	bettergrass	1.8.6+fabric.1.21.11	8e4c117b8a8a1fe601d939777cdf20bcede227440183d2a312b019965d4680b3548879a4fab683ad8f29cc89de3332fcce7a916c9284575d7eb7dfdfe5d34c93	https://cdn.modrinth.com/data/m5T5xmUy/versions/AMcZloev/BetterGrassify-1.8.6%2Bfabric.1.21.11.jar
bettermounthud-1.2.6.jar	bettermounthud	1.2.6	559163398693ad32de171781a461251178216afa31d226bcf037ddfd26ff2e6389cc6bd3c34539cd29928cc1bd27256b802f1f6cbda13ea270d12ff20db32371	https://cdn.modrinth.com/data/kqJFAPU9/versions/rXZxHSEZ/bettermounthud-1.2.6.jar
cape-provider-5.1.0.jar	cape-provider	5.1.0	b7e0d73a98deed6f80c953f3394f5ec92a694e937d6330142ea84ae9b335d8a88a581463f01698cbdff8203b77868d0dc20413e6f37b9cce87d46756977585d6	https://cdn.modrinth.com/data/orXAsira/versions/6bSwsL3J/cape-provider-5.1.0.jar
chat-copy-1.0.0_(1.21.11).jar	chat-copy	1.0.0	e0fbf87aca81d9c986dd1807e565c8a3f72b56c04c223c96c70c9c588a3e58aedc32866b9c78c5a21975a3b3b607339b37cd513c63c6e96e9b56bcb0c36147ee	https://cdn.modrinth.com/data/YLinovdc/versions/XQZ1kpqa/chat-copy-1.0.0_%281.21.11%29.jar
cloth-config-21.11.153-fabric.jar	cloth-config	21.11.153	8f455489d4b71069e998568cf4e1450116f4360a4eb481cd89117f629c6883164886cf63ca08ac4fc929dd13d1112152755a6216d4a1498ee6406ef102093e51	https://cdn.modrinth.com/data/9s6osm5g/versions/xuX40TN5/cloth-config-21.11.153-fabric.jar
ConfigManager-fabric-1.21.x-1.1.1.jar	config_manager	1.1.1	aeeacc39e5b31ee6a60a25d4f5cf9415a1c1492fa2a6679f6115ba37eb4917e95bf33fc276c7e89dbf5504f216e36e80cbf581cb32213e28cd76ea803c194d2d	https://cdn.modrinth.com/data/jlNms3Jp/versions/1gNhkJ1O/ConfigManager-fabric-1.21.x-1.1.1.jar
continuity-3.0.1-beta.1+1.21.11.jar	continuity	3.0.1-beta.1+1.21.11	b092e95668bf5e32d531842d920e99f865213eaf3e7c26759b51e5a95ef2702c2c0485bba6d8adf4543e8d71680d5a05fad68e94159e8e507033b516b736eb60	https://cdn.modrinth.com/data/1IjD5062/versions/mX1iknM1/continuity-3.0.1-beta.1%2B1.21.11.jar
controlify-3.0.0+lts+1.21.11-fabric.jar	controlify	3.0.0+lts+1.21.11-fabric	5850e03856c0880cd3d3ee021ad35ac8ddd5da21d20360ed3a89f8dff2c23643f43715d1f28f6b37a6a89cdb9da829c81ed60ba9f479265107b1c28df924fbc5	https://cdn.modrinth.com/data/DOUdJVEm/versions/mdsY2QPE/controlify-3.0.0%2Blts%2B1.21.11-fabric.jar
CrashAssistant-fabric-1.21.5-1.21.11-1.11.9.jar	crash_assistant	1.11.9	30a9e1f33784a4346c9bf054988595eb7718237790c817ed3ca18e9cfc001769c140bacfbcfa9aae2006a4f11f27f58907f85aa73d0673cbda13048fda17b3c6	https://cdn.modrinth.com/data/ix1qq8Ux/versions/JDUbABmP/CrashAssistant-fabric-1.21.5-1.21.11-1.11.9.jar
cwb-fabric-3.0.0-build.14+mc1.21.11.jar	cubes-without-borders	3.0.0-build.14+mc1.21.11	5c4efa5d080475556362e88348414d74b81c94b1f25f6455a3933a113c949f12a65d6a267822debda5aeafa212ef1f3f675ff1eb38eb82f4f96cf823bb8aaa21	https://cdn.modrinth.com/data/ETlrkaYF/versions/G94OTz7b/cwb-fabric-3.0.0-build.14%2Bmc1.21.11.jar
debugify-1.21.11+1.1.jar	debugify	1.21.11+1.1	156732558bf7c6280c8cb59160fa3842a22da196c8dd3f6fba3ef8b07367c1c793a42e928ac9d53917e1d00e7cff7f72ae13f6e5f233bd32d0db31acd8b43cbd	https://cdn.modrinth.com/data/QwxR6Gcd/versions/xVevtAGn/debugify-1.21.11%2B1.1.jar
dynamic-fps-3.11.6+minecraft-1.21.11-fabric.jar	dynamic_fps	3.11.6	c45652252e2176cb8e2c44dfd9032c617135a100dcf161b9e6e6717803c14d1359d0f940fa10dc1aa6ad80669983f4b9c5636c0c2953d3314e06f893f0cdc736	https://cdn.modrinth.com/data/LQ3K71Q1/versions/Fab7e5Th/dynamic-fps-3.11.6%2Bminecraft-1.21.11-fabric.jar
e4mc-fabric-6.1.1.jar	e4mc	6.1.1	1f46af9c996e14745dc8e4c1ea4d00ef26739818d302545d779b2f7fdf5a4f256d0b9d8346be53e730ac36711a8f57fda494179c7a8942d5926920e955d5b91c	https://cdn.modrinth.com/data/qANg5Jrr/versions/wpGvTXU0/e4mc-fabric-6.1.1.jar
easy_model_entities-fabric-1.21.11-1.7.0.jar	easy_model_entities	1.7.0	031c19cd98f4beb790261d296a01b005bcb4fbfa3932dd6b126acfba7f55d50411686dc85a6bd17f35d282d63f7e2001d4d73d61a8762d68275ad341603c247a	https://cdn.modrinth.com/data/ngLoLP1P/versions/gJqmyFcW/easy_model_entities-fabric-1.21.11-1.7.0.jar
easy_npc-fabric-1.21.11-6.12.0.jar	easy_npc	6.12.0	979c7ca4972971c5d4f027c0f6ef3cf45c57253174b687e83671485e16cee1c9f227e3cd9cc68d6532291e69d09a12f8e5b553e4d45b882b235c85ec7ffa62db	https://cdn.modrinth.com/data/Epm6R3P2/versions/xW7DXpgQ/easy_npc-fabric-1.21.11-6.12.0.jar
easy_npc_bundle-fabric-1.21.11-6.12.0.jar	easy_npc_bundle	6.12.0	34cc35ad9436d85f1ebd3ff6dbed1ffd6fb606dd0016d4e2d2b73fb58c1f668b489386469aa78585f68af378de85e1b5c6b3085969d8479ec725f741717a6f10	https://cdn.modrinth.com/data/CgGEe1h3/versions/CKcAOYxV/easy_npc_bundle-fabric-1.21.11-6.12.0.jar
easy_npc_config_ui-fabric-1.21.11-6.12.0.jar	easy_npc_config_ui	6.12.0	236b427372e98e55afa00347a3f75ce09f0c1a0e0fc20f043b0e6fe046c521509cf85b3820240822158c4f3c7975bb43573c1b15aea8778abbfd8e53998d5046	https://cdn.modrinth.com/data/uTGjf7vA/versions/8nM5LuJD/easy_npc_config_ui-fabric-1.21.11-6.12.0.jar
entity_model_features-3.2.4-1.21.11-fabric.jar	entity_model_features	3.2.4	5d3f265f047fcb41a4c4ad6aa4d554fb51b06c436db29a0c64786a7a4137207ae5ed1afbe4caacecdb1ba4b631502757944bae63b83db5fe09d6c64983c2f80f	https://cdn.modrinth.com/data/4I1XuqiY/versions/CWZPvNbk/entity_model_features-3.2.4-1.21.11-fabric.jar
entity_texture_features_1.21.11-fabric-7.1.jar	entity_texture_features	7.1	7eeebcdc12e3c3fd282f891736452547a10c543848218697baaeff6ee079a6e8bc7b34332b5c26f303dd2f6561e17afe98f284c66fcc3b84b48bc38d6798d9b2	https://cdn.modrinth.com/data/BVzZfTc1/versions/rAQimlSn/entity_texture_features_1.21.11-fabric-7.1.jar
entityculling-fabric-1.10.2-mc1.21.11.jar	entityculling	1.10.2	853eccc596bc0c4ee18afa8dd02f07744b71aa7709e8486c1a9d193fe951c61218581239e72e3731b95f1837d9b94b72ac03cbbe731454984a28330850480830	https://cdn.modrinth.com/data/NNAgCjsB/versions/j9D8p9DR/entityculling-fabric-1.10.2-mc1.21.11.jar
fabric-api-0.141.4+1.21.11.jar	fabric-api	0.141.4+1.21.11	c092d48c6453bec3264f80f6a35bb334aba3112b5cd6c0e0b2676ce4d81e702cb1e522337f3a732348e757cc2226da3c601a314ae8766334f16af71a13bcc98d	https://cdn.modrinth.com/data/P7dR8mSH/versions/5zJNhXV2/fabric-api-0.141.4%2B1.21.11.jar
fabric-language-kotlin-1.13.12+kotlin.2.4.0.jar	fabric-language-kotlin	1.13.12+kotlin.2.4.0	ca238ee480dfb237062200fd300be493d022e0837b6998c15807e01488b2a30d5ba4731e5c6d05a5333719c8923a1cb84c06fd6fa45aa88ced492ddb5b40906f	https://cdn.modrinth.com/data/Ha28R6CL/versions/Pd0xrHCw/fabric-language-kotlin-1.13.12%2Bkotlin.2.4.0.jar
fabrishot-1.16.4.jar	fabrishot	1.16.4	6a79beda99f68895187dccaf8630107eb5db768f68ff5930b6ea46726be6c7ca9128a5540514b1ff76de793a2863c98ea654aea04f7d4468a5432c600f8a3b06	https://cdn.modrinth.com/data/3qsfQtE9/versions/GLPR7u6l/fabrishot-1.16.4.jar
fastquit-3.1.3+mc1.21.11.jar	fastquit	3.1.3+mc1.21.11	29f080e82b58833cc2bb6af677c7b49825dbfeee8340d6952aadacbf83a3f5cdb71e2d1145b0e60f7454274577930c3600f3fe8a6f95cb5a423fa6f80d409a01	https://cdn.modrinth.com/data/x1hIzbuY/versions/ip2tVKLp/fastquit-3.1.3%2Bmc1.21.11.jar
ferritecore-8.2.0-fabric.jar	ferritecore	8.2.0	3210926a82eb32efd9bcebabe2f6c053daf5c4337eebc6d5bacba96d283510afbde646e7e195751de795ec70a2ea44fef77cb54bf22c8e57bb832d6217418869	https://cdn.modrinth.com/data/uXXizFIs/versions/Ii0gP3D8/ferritecore-8.2.0-fabric.jar
ForgeConfigAPIPort-v21.11.1-mc1.21.11-Fabric.jar	forgeconfigapiport	21.11.1	28791c992d613da14b8685505d3ef632ed53b5f1e1d517f0b41677d10f8419f192dfbde991308df6cda5d0f113c0aa8fc18ecf4a0834029403b16d2f68dc52d6	https://cdn.modrinth.com/data/ohNO6lps/versions/uXrWPsCu/ForgeConfigAPIPort-v21.11.1-mc1.21.11-Fabric.jar
fsit-2.9.1+mc1.21.11.jar	fsit	2.9.1+mc1.21.11	7617f39363e232fa3438880ef5ffbd9d43c7083aedf837b2480b52c7205fc126373608bf78a8c39c45e681b3fb3d0153d054298e62d3754cb3389591cabf32d7	https://cdn.modrinth.com/data/J5NAzRqK/versions/4j92DeKp/fsit-2.9.1%2Bmc1.21.11.jar
fzzy_config-0.7.6+1.21.11.jar	fzzy_config	0.7.6+1.21.11	cdd43ee1ae99838b05b87d186ee8c3c051fda1388456d5ca88bb03e8e445722421cb6b8f9c9a6c4bd0f111ddccf526a8373d7c3cab5edd0f5da1190a787bdf88	https://cdn.modrinth.com/data/hYykXjDp/versions/nSB6xGOS/fzzy_config-0.7.6%2B1.21.11.jar
ImmediatelyFast-Fabric-1.14.2+1.21.11.jar	immediatelyfast	1.14.2+1.21.11	dedff930a4e317994579020eaeef9f56d81d5215d871372d206fc974842d87e80e4be15d8571a4eaa4320c2412701ea093ba4494a47e8988e3d448ec8adcba37	https://cdn.modrinth.com/data/5ZwdcRci/versions/QwkfUKSj/ImmediatelyFast-Fabric-1.14.2%2B1.21.11.jar
immersive_paintings-fabric-1.21.11-0.7.8.jar	immersive_paintings	0.7.8	c8b0f7cba9e0a6ddffd0a70813941ff4202f252b8afac3aa7b2f4bca3c72c008caa7245c7efd20ae89249a91820db1aa53b007943a44d9a4effea7b7b186107f	https://cdn.modrinth.com/data/6txNkua3/versions/wPq8dVxI/immersive_paintings-fabric-1.21.11-0.7.8.jar
iris-fabric-1.10.7+mc1.21.11.jar	iris	1.10.7+mc1.21.11	b009a07ecbdf3eb510b4acacbb435e058406ddbabcc4f1a5efeacad154cd26777474dcf4a2b5a3a92644b150f047977ada5687a9d9172132fbe6d3d036961b7e	https://cdn.modrinth.com/data/YL57xq9U/versions/fDpuVzVr/iris-fabric-1.10.7%2Bmc1.21.11.jar
Ixeris-4.4.1+1.21.11-fabric.jar	ixeris	4.4.1+1.21.11-fabric	1209b7b7011c01d3d6a6778aafb3b96a62c92260695b3813178d67898c1d7cb8e1d7c743fe736daa23b8968b4314e80b642a73177c075b7cc06c04c16e3adbd5	https://cdn.modrinth.com/data/p8RJPJIC/versions/1loOWlT8/Ixeris-4.4.1%2B1.21.11-fabric.jar
lambdynamiclights-4.9.1+1.21.11.jar	lambdynlights	4.9.1+1.21.11	df006fad702f713fa93feaa21ead00f446aa79e1771b5e049844842c7701d3a8a1b360a996c28f79c79a941e95ef63d27bfc563b5bec2ab8bf96eba0b2232fb8	https://cdn.modrinth.com/data/yBW8D80W/versions/5Tp7kdU0/lambdynamiclights-4.9.1%2B1.21.11.jar
language-reload-1.7.6+1.21.11.jar	languagereload	1.7.6+1.21.11	6eef536f74971e012deb34b6e95c0a1f5b3f44024646e6a5bd744b6d747daf7cc09da2c9ffb528bfdb215fcabb5ab0a11a701b36f984245db397bcf8d5ce3ee7	https://cdn.modrinth.com/data/uLbm7CG6/versions/YhcaQg5e/language-reload-1.7.6%2B1.21.11.jar
litematica-fabric-1.21.11-0.26.8.jar	litematica	0.26.8	b725b07d9be6fe099278222a1141066f38e6d6600f5ab6150b89844b5f61ef234ae18246df33b41482bcaaaf5377a453da81c0dbbb48ebf0890bbbde54b6b647	https://cdn.modrinth.com/data/bEpr0Arc/versions/kSNW8FbJ/litematica-fabric-1.21.11-0.26.8.jar
lithium-fabric-0.21.4+mc1.21.11.jar	lithium	0.21.4+mc1.21.11	f14a5c3d2fad786347ca25083f902139694f618b7c103947f2fd067a7c5ee88a63e1ef8926f7d693ea79ed7d00f57317bae77ef9c2d630bf5ed01ac97a752b94	https://cdn.modrinth.com/data/gvQqBUqZ/versions/Ow7wA0kG/lithium-fabric-0.21.4%2Bmc1.21.11.jar
main-menu-credits-1.2.0.jar	isxander-main-menu-credits	1.2.0	fb12dd676a080691c78a701721520de1469d53e702710b21ca8eead54d56936e6b3a39b1003e022090de40d650239d547c81031cb4b8a8ab619e56b98cd92c2c	https://cdn.modrinth.com/data/qJDfP7WN/versions/eUN0SbET/main-menu-credits-1.2.0.jar
malilib-fabric-1.21.11-0.27.12.jar	malilib	0.27.12	990e63c9c992d56a5b2e5dd152938922935506f1e63cf7ccba3854ad6faadfb6cd100e2a0a0daa33b0e01698c47d6733b9add3e93206518b33627db487eefbbf	https://cdn.modrinth.com/data/GcWjdA9I/versions/m5frsnWf/malilib-fabric-1.21.11-0.27.12.jar
mixintrace-1.1.1+1.17.jar	mixintrace	1.1.1+1.17	ea9034b60bc1c64629a9bcad2e619907692fe6e7464026236c55cc5a4892a20d21dd6318ad0380ab2ec245f7077939b6717d2ed58e00708c17470be14f5e0b5f	https://cdn.modrinth.com/data/sGmHWmeL/versions/1.1.1%2B1.17/mixintrace-1.1.1%2B1.17.jar
modmenu-17.0.0.jar	modmenu	17.0.0	146f8c356f86c32e5aab76598e021ac123779c89fc7a51a486fccd2871d2751b02046b4eea3194e52f2e7f38abbb5f78301c8f49bde6e60e1839677db9c84e33	https://cdn.modrinth.com/data/mOgUt4GM/versions/Tyk71iSw/modmenu-17.0.0.jar
morechathistory-1.3.1.jar	morechathistory	1.3.1	31831973dafb0cd4e1ead267b0143aa9ce803d8ebf8fec1dfad884c62ad52cf94da0349b2b0b72d9c0c9a7fb83af75180d85e7ea8a44c459d4d5e960b4e3ea06	https://cdn.modrinth.com/data/8qkXwOnk/versions/3siYJiWG/morechathistory-1.3.1.jar
moreculling-fabric-1.21.11-1.6.2.jar	moreculling	1.6.2	58cec88e84835c543d8604411f89a0984abe51f0332860354355ede290d2442fc33a86ecda1766e0b1a82ba4edfab27f3c9f6855c0af3234e200218b892756f2	https://cdn.modrinth.com/data/51shyZVL/versions/wOzykoLV/moreculling-fabric-1.21.11-1.6.2.jar
NoChatReports-FABRIC-1.21.11-v2.18.0.jar	nochatreports	1.21.11-v2.18.0	d2c35cc8d624616f441665aff67c0e366e4101dba243bad25ed3518170942c1a3c1a477b28805cd1a36c44513693b1c55e76bea627d3fced13927a3d67022ccc	https://cdn.modrinth.com/data/qQyHxfxd/versions/rhykGstm/NoChatReports-FABRIC-1.21.11-v2.18.0.jar
optigui-2.3.0-beta.10+1.21.9.jar	optigui	2.3.0-beta.10+1.21.9	18e78345450df72a499f3788f88d7d740dd83e4106a3c6c1a40e1f3424ba2e11b24c072c46e6b21a69a9bff913ea82153c4d33fb731665b9a1aac824ab63192b	https://cdn.modrinth.com/data/JuksLGBQ/versions/QM4pzEcr/optigui-2.3.0-beta.10%2B1.21.9.jar
paginatedadvancements-2.8.0+1.21.11.jar	paginatedadvancements	2.8.0+1.21.11	0dc5340ac9a1487ace42faa07c46e974a0771263f598398fbea10dccf608e5b344ec19b74b8f1ee7adceb754087c5d0bfac924b12ccbb933e4dc5051e3a87d34	https://cdn.modrinth.com/data/pJogNFap/versions/wXMkMWnp/paginatedadvancements-2.8.0%2B1.21.11.jar
polytone-fabric-1.21.11-5.7.2.jar	polytone	1.21.11-5.7.2	80569465dd995a6a833fe5ed080889f231ea6c24dc2304a2685a570d01bf3bfe8057fc474e2a6239c4974ce5fc80ee815cef066e80f885e055e080b8bd8c54e3	https://cdn.modrinth.com/data/3qAYkBMB/versions/TjXRfnHS/polytone-fabric-1.21.11-5.7.2.jar
puzzle-fabric-2.3.0+1.21.11.jar	puzzle	2.3.0	f8b55899f1c29f8c3387b009d7a80cdbb57d51184da4b7c680172102f1958bc5f86a501ca9987ea20ffc48222afcfa8a0d8db9042d3d4c0ae682e598441c6068	https://cdn.modrinth.com/data/3IuO68q1/versions/Y9KybGCk/puzzle-fabric-2.3.0%2B1.21.11.jar
reactivemusic-1.2.2+1.21.11.jar	reactivemusic	1.2.2+1.21.11	2fa35990a893d8f82a5120ab32193fe51a4669a48097d65c0acc848a007dd79f350a30b93b75ddc2147fc54574479e7413083b208fa639098ff1b6362c3f44ca	https://cdn.modrinth.com/data/Bqnfeesx/versions/QXXXw01C/reactivemusic-1.2.2%2B1.21.11.jar
reeses-sodium-options-fabric-2.0.3+mc1.21.11.jar	reeses-sodium-options	2.0.3+mc1.21.11	13b54698be3cbecdcf544ff92186423652c6b1e91544864c979f51297a3159137f794db4e3ee21e0bae3abcf651bb4ecc0e2a5b4aa1eab1f1a81d6529fe82e59	https://cdn.modrinth.com/data/Bh37bMuy/versions/yIgAFMna/reeses-sodium-options-fabric-2.0.3%2Bmc1.21.11.jar
RoughlyEnoughItems-21.11.816-fabric.jar	roughlyenoughitems	21.11.816	148faa891db9868594dde20581530d76da88e15044ddf715c25f16a18399e9bff1ac368e947aff6be01efb05b28bc3872d1a44786e1ffeedd9f50733cb513a55	https://cdn.modrinth.com/data/nfn13YXA/versions/QEiKPzyl/RoughlyEnoughItems-21.11.816-fabric.jar
rrlsFabric-5.1.15+mc.1.21.11.jar	rrls	5.1.15+mc.1.21.11	7f45e1ff141bd8a93bcebb1fe8ed612cdfc673253ff7952f1a0141ba01a8cae1c5d044a73b9f0b84a93b0db4b7f41a089ca8651900def7a1dcfac29cf63d135a	https://cdn.modrinth.com/data/ZP7xHXtw/versions/TCSbq6jC/rrlsFabric-5.1.15%2Bmc.1.21.11.jar
skyboxify-2.8+1.21.11-fabric.jar	skyboxify	2.8	29b36c8ce204b65e2032a60f2c861b108f0e28f9961db2a35334bcc27e0733ce17781555a55d1e736f325ef988e94d0675eab06844a975c5cab39c5398e7c153	https://cdn.modrinth.com/data/DWuwk8aA/versions/75Ss7wMm/skyboxify-2.8%2B1.21.11-fabric.jar
sodium-extra-fabric-0.8.3+mc1.21.11.jar	sodium-extra	0.8.3+mc1.21.11	b268a22ec7d27a45142f839ecf9a902c4ead4a5ef01e480f9e042f700a75a12a0db6346914f5445be68136b849a068de88d54823444c5d13268cfc0661854465	https://cdn.modrinth.com/data/PtjYWJkn/versions/yqY1efrC/sodium-extra-fabric-0.8.3%2Bmc1.21.11.jar
sodium-fabric-0.8.12+mc1.21.11.jar	sodium	0.8.12+mc1.21.11	17fdb8240670d069e9bb4d00cd3d17afe28ea3f7ea7daf27fd32844f302516e7a889686429db81f2c7b73ad4afce703cac8963a8c3943cfebf45d2c570bd8256	https://cdn.modrinth.com/data/AANobbMI/versions/NFkjnzWE/sodium-fabric-0.8.12%2Bmc1.21.11.jar
sodium-shadowy-path-blocks-fabric-6.0.0.jar	sspb	6.0.0	a8a5dea1593e15052c671e477b04c36b91ceac9dc6f590792aa70ac591b1ba37fe49f1dbec94e8836a2010d476dcbc689d929fee520c75961901e799ae8c05b8	https://cdn.modrinth.com/data/EIa1eiMm/versions/LpF3DIUM/sodium-shadowy-path-blocks-fabric-6.0.0.jar
Stellarity-5.3.0.jar	stellarity	5.3.0	1a08875f265bccfd49be948125ce657dcd6d0691a9add665a39e371a864004a0463e538ae3512676ccd6e467ac1ed8b5e20402b11fcfc9ee826982d278c47393	https://cdn.modrinth.com/data/bZgeDzN8/versions/QYcLm4ck/Stellarity-5.3.0.jar
trmt-0.5.1-1.21.11-fabric.jar	trmt	0.5.1-1.21.11-fabric	b62997dd7b8dbe2999154f6a5f068f11502399fdffe04edb24615571290170e61947116f708d723d38fe15ab5f477c8e045595a23cb2aa04311e00d9ace01e66	https://cdn.modrinth.com/data/74oZhrEe/versions/Nx1ojoWo/trmt-0.5.1-1.21.11-fabric.jar
voicechat-fabric-1.21.11-2.6.16.jar	voicechat	1.21.11-2.6.16	f2d7485c238cb081124af22c1d6c8c6779d5a2b831a4b766a0f6d710551c37667f879d82277620c43f9bc677de91b2231ff7ba1217b12e715e081148b303c0be	https://cdn.modrinth.com/data/9eGKb6K1/versions/KtAJ2LmQ/voicechat-fabric-1.21.11-2.6.16.jar
waystones-fabric-1.21.11-21.11.9.jar	waystones	21.11.9	047049d8c97c2acdf33c9abaaa6fa2da0ac4c57f81a4961a25c3d58addc6adfcdcc793a7bf6ca1b379312ace69f48b0d7c383b5f1d4309919178632b46ded978	https://cdn.modrinth.com/data/LOpKHB2A/versions/MydMW2TT/waystones-fabric-1.21.11-21.11.9.jar
xaerominimap-fabric-1.21.11-25.3.12.jar	xaerominimap	25.3.12	5072fe7d02471956d227b834ee1fa5b1a752f7546cf880c99e32790f09b3b13143c5c16c99b3ba39e0de8a8e6d46f37f1bb3a88ff0fa41207ccce5deae45681b	https://cdn.modrinth.com/data/1bokaNcj/versions/q5DQinHS/xaerominimap-fabric-1.21.11-25.3.12.jar
xaeroworldmap-fabric-1.21.11-1.40.16.jar	xaeroworldmap	1.40.16	70bb88a05f8b36dfa39ef971d3e757beeb6845e674d2cfa337fa0a48f003bdc7fe4f6af1f0fa0dfd0ab17593df4f4348528d7952781abeb6a46cff00d693520b	https://cdn.modrinth.com/data/NcUtCpym/versions/vOQ76ooY/xaeroworldmap-fabric-1.21.11-1.40.16.jar
yet_another_config_lib_v3-3.8.2+1.21.11-fabric.jar	yet_another_config_lib_v3	3.8.2+1.21.11-fabric	392db7d471030cca27483ecf58c626a14cd73d71a18afe6d4173c6b030948b8a925b36e708d4cc2c897dfa3f20a7f23b999fc18aa6d36c156da29037601153ac	https://cdn.modrinth.com/data/1eAoo2KR/versions/pHWDw3Vc/yet_another_config_lib_v3-3.8.2%2B1.21.11-fabric.jar
zoomify-2.15.2+1.21.11.jar	zoomify	2.15.2+1.21.11	de9d6097445175f6ef3e93475136fd67d29fc14fd26a6f19e63714efa6cf0961af5d270a95b65c4099a38517c3f91815fe4a1aa21b0acd84230398be2a6e3e24	https://cdn.modrinth.com/data/w7ThoJFB/versions/gI5KZI8V/zoomify-2.15.2%2B1.21.11.jar
